PROGRAM,Year,Period,Week Ending,Geo Level,State,State ANSI,Ag District,Ag District Code,County,County ANSI,Zip Code,Region,watershed_code,Watershed,Commodity,Data Item,Domain,Domain Category,Value,CV (%)
CENSUS,2022,YEAR,,NATIONAL,US TOTAL,,,,,,,,0,,STRAWBERRIES,STRAWBERRIES - ACRES BEARING,AREA GROWN,AREA GROWN: (0.1 TO 0.9 ACRES),963,5.6
CENSUS,2022,YEAR,,NATIONAL,US TOTAL,,,,,,,,0,,STRAWBERRIES,STRAWBERRIES - ACRES BEARING,AREA GROWN,AREA GROWN: (1.0 TO 4.9 ACRES),"3,195",5.9
CENSUS,2022,YEAR,,NATIONAL,US TOTAL,,,,,,,,0,,STRAWBERRIES,STRAWBERRIES - ACRES BEARING,AREA GROWN,AREA GROWN: (100 OR MORE ACRES),"46,265",25.3
CENSUS,2022,YEAR,,NATIONAL,US TOTAL,,,,,,,,0,,STRAWBERRIES,STRAWBERRIES - ACRES BEARING,AREA GROWN,AREA GROWN: (15.0 TO 24.9 ACRES),"2,514",20
CENSUS,2022,YEAR,,NATIONAL,US TOTAL,,,,,,,,0,,STRAWBERRIES,STRAWBERRIES - ACRES BEARING,AREA GROWN,AREA GROWN: (25.0 TO 49.9 ACRES),"4,231",13
CENSUS,2022,YEAR,,NATIONAL,US TOTAL,,,,,,,,0,,STRAWBERRIES,STRAWBERRIES - ACRES BEARING,AREA GROWN,AREA GROWN: (5.0 TO 14.9 ACRES),"3,396",8.6
CENSUS,2022,YEAR,,NATIONAL,US TOTAL,,,,,,,,0,,STRAWBERRIES,STRAWBERRIES - ACRES BEARING,AREA GROWN,AREA GROWN: (50.0 TO 99.9 ACRES),"10,146",50.5
CENSUS,2022,YEAR,,NATIONAL,US TOTAL,,,,,,,,0,,STRAWBERRIES,STRAWBERRIES - ACRES BEARING,TOTAL,NOT SPECIFIED,"70,709",15.4
CENSUS,2022,YEAR,,NATIONAL,US TOTAL,,,,,,,,0,,STRAWBERRIES,STRAWBERRIES - ACRES GROWN,AREA GROWN,AREA GROWN: (0.1 TO 0.9 ACRES),"1,199",6.2
CENSUS,2022,YEAR,,NATIONAL,US TOTAL,,,,,,,,0,,STRAWBERRIES,STRAWBERRIES - ACRES GROWN,AREA GROWN,AREA GROWN: (1.0 TO 4.9 ACRES),"3,729",5.3
CENSUS,2022,YEAR,,NATIONAL,US TOTAL,,,,,,,,0,,STRAWBERRIES,STRAWBERRIES - ACRES GROWN,AREA GROWN,AREA GROWN: (100 OR MORE ACRES),"46,931",25
CENSUS,2022,YEAR,,NATIONAL,US TOTAL,,,,,,,,0,,STRAWBERRIES,STRAWBERRIES - ACRES GROWN,AREA GROWN,AREA GROWN: (15.0 TO 24.9 ACRES),"2,758",19.1
CENSUS,2022,YEAR,,NATIONAL,US TOTAL,,,,,,,,0,,STRAWBERRIES,STRAWBERRIES - ACRES GROWN,AREA GROWN,AREA GROWN: (25.0 TO 49.9 ACRES),"4,441",12.7
CENSUS,2022,YEAR,,NATIONAL,US TOTAL,,,,,,,,0,,STRAWBERRIES,STRAWBERRIES - ACRES GROWN,AREA GROWN,AREA GROWN: (5.0 TO 14.9 ACRES),"3,942",7.9
CENSUS,2022,YEAR,,NATIONAL,US TOTAL,,,,,,,,0,,STRAWBERRIES,STRAWBERRIES - ACRES GROWN,AREA GROWN,AREA GROWN: (50.0 TO 99.9 ACRES),"10,461",47.6
CENSUS,2022,YEAR,,NATIONAL,US TOTAL,,,,,,,,0,,STRAWBERRIES,STRAWBERRIES - ACRES GROWN,TOTAL,NOT SPECIFIED,"73,462",15.3
CENSUS,2022,YEAR,,NATIONAL,US TOTAL,,,,,,,,0,,STRAWBERRIES,STRAWBERRIES - ACRES NON-BEARING,AREA GROWN,AREA GROWN: (0.1 TO 0.9 ACRES),236,13.2
CENSUS,2022,YEAR,,NATIONAL,US TOTAL,,,,,,,,0,,STRAWBERRIES,STRAWBERRIES - ACRES NON-BEARING,AREA GROWN,AREA GROWN: (1.0 TO 4.9 ACRES),535,5.1
CENSUS,2022,YEAR,,NATIONAL,US TOTAL,,,,,,,,0,,STRAWBERRIES,STRAWBERRIES - ACRES NON-BEARING,AREA GROWN,AREA GROWN: (100 OR MORE ACRES),666,4.2
CENSUS,2022,YEAR,,NATIONAL,US TOTAL,,,,,,,,0,,STRAWBERRIES,STRAWBERRIES - ACRES NON-BEARING,AREA GROWN,AREA GROWN: (15.0 TO 24.9 ACRES),244,34.1
CENSUS,2022,YEAR,,NATIONAL,US TOTAL,,,,,,,,0,,STRAWBERRIES,STRAWBERRIES - ACRES NON-BEARING,AREA GROWN,AREA GROWN: (25.0 TO 49.9 ACRES),210,37.3
CENSUS,2022,YEAR,,NATIONAL,US TOTAL,,,,,,,,0,,STRAWBERRIES,STRAWBERRIES - ACRES NON-BEARING,AREA GROWN,AREA GROWN: (5.0 TO 14.9 ACRES),547,9.9
CENSUS,2022,YEAR,,NATIONAL,US TOTAL,,,,,,,,0,,STRAWBERRIES,STRAWBERRIES - ACRES NON-BEARING,AREA GROWN,AREA GROWN: (50.0 TO 99.9 ACRES),315,(H)
CENSUS,2022,YEAR,,NATIONAL,US TOTAL,,,,,,,,0,,STRAWBERRIES,STRAWBERRIES - ACRES NON-BEARING,TOTAL,NOT SPECIFIED,"2,753",15.5
CENSUS,2022,YEAR,,NATIONAL,US TOTAL,,,,,,,,0,,STRAWBERRIES,STRAWBERRIES - OPERATIONS WITH AREA BEARING,AREA GROWN,AREA GROWN: (0.1 TO 0.9 ACRES),"4,690",6.4
CENSUS,2022,YEAR,,NATIONAL,US TOTAL,,,,,,,,0,,STRAWBERRIES,STRAWBERRIES - OPERATIONS WITH AREA BEARING,AREA GROWN,AREA GROWN: (1.0 TO 4.9 ACRES),"1,812",6.1
CENSUS,2022,YEAR,,NATIONAL,US TOTAL,,,,,,,,0,,STRAWBERRIES,STRAWBERRIES - OPERATIONS WITH AREA BEARING,AREA GROWN,AREA GROWN: (100 OR MORE ACRES),161,25.4
CENSUS,2022,YEAR,,NATIONAL,US TOTAL,,,,,,,,0,,STRAWBERRIES,STRAWBERRIES - OPERATIONS WITH AREA BEARING,AREA GROWN,AREA GROWN: (15.0 TO 24.9 ACRES),146,17.2
CENSUS,2022,YEAR,,NATIONAL,US TOTAL,,,,,,,,0,,STRAWBERRIES,STRAWBERRIES - OPERATIONS WITH AREA BEARING,AREA GROWN,AREA GROWN: (25.0 TO 49.9 ACRES),131,11.9
CENSUS,2022,YEAR,,NATIONAL,US TOTAL,,,,,,,,0,,STRAWBERRIES,STRAWBERRIES - OPERATIONS WITH AREA BEARING,AREA GROWN,AREA GROWN: (5.0 TO 14.9 ACRES),510,7.3
CENSUS,2022,YEAR,,NATIONAL,US TOTAL,,,,,,,,0,,STRAWBERRIES,STRAWBERRIES - OPERATIONS WITH AREA BEARING,AREA GROWN,AREA GROWN: (50.0 TO 99.9 ACRES),146,44
CENSUS,2022,YEAR,,NATIONAL,US TOTAL,,,,,,,,0,,STRAWBERRIES,STRAWBERRIES - OPERATIONS WITH AREA BEARING,TOTAL,NOT SPECIFIED,"7,596",5.7
CENSUS,2022,YEAR,,NATIONAL,US TOTAL,,,,,,,,0,,STRAWBERRIES,STRAWBERRIES - OPERATIONS WITH AREA GROWN,AREA GROWN,AREA GROWN: (0.1 TO 0.9 ACRES),"5,508",7
CENSUS,2022,YEAR,,NATIONAL,US TOTAL,,,,,,,,0,,STRAWBERRIES,STRAWBERRIES - OPERATIONS WITH AREA GROWN,AREA GROWN,AREA GROWN: (1.0 TO 4.9 ACRES),"1,884",5.7
CENSUS,2022,YEAR,,NATIONAL,US TOTAL,,,,,,,,0,,STRAWBERRIES,STRAWBERRIES - OPERATIONS WITH AREA GROWN,AREA GROWN,AREA GROWN: (100 OR MORE ACRES),161,25.4
CENSUS,2022,YEAR,,NATIONAL,US TOTAL,,,,,,,,0,,STRAWBERRIES,STRAWBERRIES - OPERATIONS WITH AREA GROWN,AREA GROWN,AREA GROWN: (15.0 TO 24.9 ACRES),147,18.3
CENSUS,2022,YEAR,,NATIONAL,US TOTAL,,,,,,,,0,,STRAWBERRIES,STRAWBERRIES - OPERATIONS WITH AREA GROWN,AREA GROWN,AREA GROWN: (25.0 TO 49.9 ACRES),131,11.9
CENSUS,2022,YEAR,,NATIONAL,US TOTAL,,,,,,,,0,,STRAWBERRIES,STRAWBERRIES - OPERATIONS WITH AREA GROWN,AREA GROWN,AREA GROWN: (5.0 TO 14.9 ACRES),514,7.3
CENSUS,2022,YEAR,,NATIONAL,US TOTAL,,,,,,,,0,,STRAWBERRIES,STRAWBERRIES - OPERATIONS WITH AREA GROWN,AREA GROWN,AREA GROWN: (50.0 TO 99.9 ACRES),146,44
CENSUS,2022,YEAR,,NATIONAL,US TOTAL,,,,,,,,0,,STRAWBERRIES,STRAWBERRIES - OPERATIONS WITH AREA GROWN,TOTAL,NOT SPECIFIED,"8,491",5.8
CENSUS,2022,YEAR,,NATIONAL,US TOTAL,,,,,,,,0,,STRAWBERRIES,STRAWBERRIES - OPERATIONS WITH AREA NON-BEARING,AREA GROWN,AREA GROWN: (0.1 TO 0.9 ACRES),"1,270",13.7
CENSUS,2022,YEAR,,NATIONAL,US TOTAL,,,,,,,,0,,STRAWBERRIES,STRAWBERRIES - OPERATIONS WITH AREA NON-BEARING,AREA GROWN,AREA GROWN: (1.0 TO 4.9 ACRES),562,6.4
CENSUS,2022,YEAR,,NATIONAL,US TOTAL,,,,,,,,0,,STRAWBERRIES,STRAWBERRIES - OPERATIONS WITH AREA NON-BEARING,AREA GROWN,AREA GROWN: (100 OR MORE ACRES),17,27.9
CENSUS,2022,YEAR,,NATIONAL,US TOTAL,,,,,,,,0,,STRAWBERRIES,STRAWBERRIES - OPERATIONS WITH AREA NON-BEARING,AREA GROWN,AREA GROWN: (15.0 TO 24.9 ACRES),43,19
CENSUS,2022,YEAR,,NATIONAL,US TOTAL,,,,,,,,0,,STRAWBERRIES,STRAWBERRIES - OPERATIONS WITH AREA NON-BEARING,AREA GROWN,AREA GROWN: (25.0 TO 49.9 ACRES),22,40.9
CENSUS,2022,YEAR,,NATIONAL,US TOTAL,,,,,,,,0,,STRAWBERRIES,STRAWBERRIES - OPERATIONS WITH AREA NON-BEARING,AREA GROWN,AREA GROWN: (5.0 TO 14.9 ACRES),200,8.2
CENSUS,2022,YEAR,,NATIONAL,US TOTAL,,,,,,,,0,,STRAWBERRIES,STRAWBERRIES - OPERATIONS WITH AREA NON-BEARING,AREA GROWN,AREA GROWN: (50.0 TO 99.9 ACRES),16,72.6
CENSUS,2022,YEAR,,NATIONAL,US TOTAL,,,,,,,,0,,STRAWBERRIES,STRAWBERRIES - OPERATIONS WITH AREA NON-BEARING,TOTAL,NOT SPECIFIED,"2,130",8.4
CENSUS,2021,YEAR,,NATIONAL,US TOTAL,,,,,,,,0,,STRAWBERRIES,"STRAWBERRIES, ORGANIC - ACRES HARVESTED",ORGANIC STATUS,ORGANIC STATUS: (NOP USDA CERTIFIED),"5,301",43.5
CENSUS,2021,YEAR,,NATIONAL,US TOTAL,,,,,,,,0,,STRAWBERRIES,"STRAWBERRIES, ORGANIC - OPERATIONS WITH AREA HARVESTED",ORGANIC STATUS,ORGANIC STATUS: (NOP USDA CERTIFIED),546,6.3
CENSUS,2021,YEAR,,NATIONAL,US TOTAL,,,,,,,,0,,STRAWBERRIES,"STRAWBERRIES, ORGANIC - OPERATIONS WITH SALES",ORGANIC STATUS,ORGANIC STATUS: (NOP USDA CERTIFIED),546,6.3
CENSUS,2021,YEAR,,NATIONAL,US TOTAL,,,,,,,,0,,STRAWBERRIES,"STRAWBERRIES, ORGANIC - PRODUCTION, MEASURED IN CWT",ORGANIC STATUS,ORGANIC STATUS: (NOP USDA CERTIFIED),"1,495,299",51.2
CENSUS,2021,YEAR,,NATIONAL,US TOTAL,,,,,,,,0,,STRAWBERRIES,"STRAWBERRIES, ORGANIC - SALES, MEASURED IN $",ORGANIC STATUS,ORGANIC STATUS: (NOP USDA CERTIFIED),"335,964,420",45.7
CENSUS,2021,YEAR,,NATIONAL,US TOTAL,,,,,,,,0,,STRAWBERRIES,"STRAWBERRIES, ORGANIC - SALES, MEASURED IN CWT",ORGANIC STATUS,ORGANIC STATUS: (NOP USDA CERTIFIED),"1,494,673",51.3
CENSUS,2021,YEAR,,NATIONAL,US TOTAL,,,,,,,,0,,STRAWBERRIES,"STRAWBERRIES, ORGANIC, FRESH MARKET - OPERATIONS WITH SALES",ORGANIC STATUS,ORGANIC STATUS: (NOP USDA CERTIFIED),540,6.3
CENSUS,2021,YEAR,,NATIONAL,US TOTAL,,,,,,,,0,,STRAWBERRIES,"STRAWBERRIES, ORGANIC, FRESH MARKET - SALES, MEASURED IN $",ORGANIC STATUS,ORGANIC STATUS: (NOP USDA CERTIFIED), (D),(D)
CENSUS,2021,YEAR,,NATIONAL,US TOTAL,,,,,,,,0,,STRAWBERRIES,"STRAWBERRIES, ORGANIC, FRESH MARKET - SALES, MEASURED IN CWT",ORGANIC STATUS,ORGANIC STATUS: (NOP USDA CERTIFIED),"1,483,234",50.3
CENSUS,2021,YEAR,,NATIONAL,US TOTAL,,,,,,,,0,,STRAWBERRIES,"STRAWBERRIES, ORGANIC, PROCESSING - OPERATIONS WITH SALES",ORGANIC STATUS,ORGANIC STATUS: (NOP USDA CERTIFIED),18,24.9
CENSUS,2021,YEAR,,NATIONAL,US TOTAL,,,,,,,,0,,STRAWBERRIES,"STRAWBERRIES, ORGANIC, PROCESSING - SALES, MEASURED IN $",ORGANIC STATUS,ORGANIC STATUS: (NOP USDA CERTIFIED), (D),(D)
CENSUS,2021,YEAR,,NATIONAL,US TOTAL,,,,,,,,0,,STRAWBERRIES,"STRAWBERRIES, ORGANIC, PROCESSING - SALES, MEASURED IN CWT",ORGANIC STATUS,ORGANIC STATUS: (NOP USDA CERTIFIED),"11,440",(H)
CENSUS,2019,YEAR,,NATIONAL,US TOTAL,,,,,,,,0,,STRAWBERRIES,"STRAWBERRIES, ORGANIC - ACRES HARVESTED",ORGANIC STATUS,ORGANIC STATUS: (NOP USDA CERTIFIED),"5,158",22.4
CENSUS,2019,YEAR,,NATIONAL,US TOTAL,,,,,,,,0,,STRAWBERRIES,"STRAWBERRIES, ORGANIC - OPERATIONS WITH AREA HARVESTED",ORGANIC STATUS,ORGANIC STATUS: (NOP USDA CERTIFIED),580,2.7
CENSUS,2019,YEAR,,NATIONAL,US TOTAL,,,,,,,,0,,STRAWBERRIES,"STRAWBERRIES, ORGANIC - OPERATIONS WITH SALES",ORGANIC STATUS,ORGANIC STATUS: (NOP USDA CERTIFIED),580,2.7
CENSUS,2019,YEAR,,NATIONAL,US TOTAL,,,,,,,,0,,STRAWBERRIES,"STRAWBERRIES, ORGANIC - PRODUCTION, MEASURED IN CWT",ORGANIC STATUS,ORGANIC STATUS: (NOP USDA CERTIFIED),"1,461,988",28.5
CENSUS,2019,YEAR,,NATIONAL,US TOTAL,,,,,,,,0,,STRAWBERRIES,"STRAWBERRIES, ORGANIC - SALES, MEASURED IN $",ORGANIC STATUS,ORGANIC STATUS: (NOP USDA CERTIFIED),"320,793,584",30.4
CENSUS,2019,YEAR,,NATIONAL,US TOTAL,,,,,,,,0,,STRAWBERRIES,"STRAWBERRIES, ORGANIC - SALES, MEASURED IN CWT",ORGANIC STATUS,ORGANIC STATUS: (NOP USDA CERTIFIED),"1,461,266",28.5
CENSUS,2019,YEAR,,NATIONAL,US TOTAL,,,,,,,,0,,STRAWBERRIES,"STRAWBERRIES, ORGANIC, FRESH MARKET - OPERATIONS WITH SALES",ORGANIC STATUS,ORGANIC STATUS: (NOP USDA CERTIFIED),568,2.8
CENSUS,2019,YEAR,,NATIONAL,US TOTAL,,,,,,,,0,,STRAWBERRIES,"STRAWBERRIES, ORGANIC, FRESH MARKET - SALES, MEASURED IN $",ORGANIC STATUS,ORGANIC STATUS: (NOP USDA CERTIFIED),"294,996,931",33
CENSUS,2019,YEAR,,NATIONAL,US TOTAL,,,,,,,,0,,STRAWBERRIES,"STRAWBERRIES, ORGANIC, FRESH MARKET - SALES, MEASURED IN CWT",ORGANIC STATUS,ORGANIC STATUS: (NOP USDA CERTIFIED),"1,250,324",31.8
CENSUS,2019,YEAR,,NATIONAL,US TOTAL,,,,,,,,0,,STRAWBERRIES,"STRAWBERRIES, ORGANIC, PROCESSING - OPERATIONS WITH SALES",ORGANIC STATUS,ORGANIC STATUS: (NOP USDA CERTIFIED),30,34.8
CENSUS,2019,YEAR,,NATIONAL,US TOTAL,,,,,,,,0,,STRAWBERRIES,"STRAWBERRIES, ORGANIC, PROCESSING - SALES, MEASURED IN $",ORGANIC STATUS,ORGANIC STATUS: (NOP USDA CERTIFIED),"25,796,653",67.1
CENSUS,2019,YEAR,,NATIONAL,US TOTAL,,,,,,,,0,,STRAWBERRIES,"STRAWBERRIES, ORGANIC, PROCESSING - SALES, MEASURED IN CWT",ORGANIC STATUS,ORGANIC STATUS: (NOP USDA CERTIFIED),"210,942",48.8
CENSUS,2017,YEAR,,NATIONAL,US TOTAL,,,,,,,,0,,STRAWBERRIES,STRAWBERRIES - ACRES BEARING,AREA GROWN,AREA GROWN: (0.1 TO 0.9 ACRES),"1,086",14
CENSUS,2017,YEAR,,NATIONAL,US TOTAL,,,,,,,,0,,STRAWBERRIES,STRAWBERRIES - ACRES BEARING,AREA GROWN,AREA GROWN: (1.0 TO 4.9 ACRES),"3,596",12.3
CENSUS,2017,YEAR,,NATIONAL,US TOTAL,,,,,,,,0,,STRAWBERRIES,STRAWBERRIES - ACRES BEARING,AREA GROWN,AREA GROWN: (100 OR MORE ACRES), (D),(D)
CENSUS,2017,YEAR,,NATIONAL,US TOTAL,,,,,,,,0,,STRAWBERRIES,STRAWBERRIES - ACRES BEARING,AREA GROWN,AREA GROWN: (15.0 TO 24.9 ACRES),"2,087",12.2
CENSUS,2017,YEAR,,NATIONAL,US TOTAL,,,,,,,,0,,STRAWBERRIES,STRAWBERRIES - ACRES BEARING,AREA GROWN,AREA GROWN: (25.0 TO 49.9 ACRES),"3,000",21.1
CENSUS,2017,YEAR,,NATIONAL,US TOTAL,,,,,,,,0,,STRAWBERRIES,STRAWBERRIES - ACRES BEARING,AREA GROWN,AREA GROWN: (5.0 TO 14.9 ACRES),"3,786",21.6
CENSUS,2017,YEAR,,NATIONAL,US TOTAL,,,,,,,,0,,STRAWBERRIES,STRAWBERRIES - ACRES BEARING,AREA GROWN,AREA GROWN: (50.0 TO 99.9 ACRES), (D),(D)
CENSUS,2017,YEAR,,NATIONAL,US TOTAL,,,,,,,,0,,STRAWBERRIES,STRAWBERRIES - ACRES BEARING,TOTAL,NOT SPECIFIED,"58,117",4.3
CENSUS,2017,YEAR,,NATIONAL,US TOTAL,,,,,,,,0,,STRAWBERRIES,STRAWBERRIES - ACRES GROWN,AREA GROWN,AREA GROWN: (0.1 TO 0.9 ACRES),"1,333",13.6
CENSUS,2017,YEAR,,NATIONAL,US TOTAL,,,,,,,,0,,STRAWBERRIES,STRAWBERRIES - ACRES GROWN,AREA GROWN,AREA GROWN: (1.0 TO 4.9 ACRES),"4,132",11.4
CENSUS,2017,YEAR,,NATIONAL,US TOTAL,,,,,,,,0,,STRAWBERRIES,STRAWBERRIES - ACRES GROWN,AREA GROWN,AREA GROWN: (100 OR MORE ACRES),"40,380",7.1
CENSUS,2017,YEAR,,NATIONAL,US TOTAL,,,,,,,,0,,STRAWBERRIES,STRAWBERRIES - ACRES GROWN,AREA GROWN,AREA GROWN: (15.0 TO 24.9 ACRES),"2,337",11.2
CENSUS,2017,YEAR,,NATIONAL,US TOTAL,,,,,,,,0,,STRAWBERRIES,STRAWBERRIES - ACRES GROWN,AREA GROWN,AREA GROWN: (25.0 TO 49.9 ACRES),"3,234",20.6
CENSUS,2017,YEAR,,NATIONAL,US TOTAL,,,,,,,,0,,STRAWBERRIES,STRAWBERRIES - ACRES GROWN,AREA GROWN,AREA GROWN: (5.0 TO 14.9 ACRES),"4,331",17.8
CENSUS,2017,YEAR,,NATIONAL,US TOTAL,,,,,,,,0,,STRAWBERRIES,STRAWBERRIES - ACRES GROWN,AREA GROWN,AREA GROWN: (50.0 TO 99.9 ACRES),"4,416",33.2
CENSUS,2017,YEAR,,NATIONAL,US TOTAL,,,,,,,,0,,STRAWBERRIES,STRAWBERRIES - ACRES GROWN,TOTAL,NOT SPECIFIED,"60,162",4.1
CENSUS,2017,YEAR,,NATIONAL,US TOTAL,,,,,,,,0,,STRAWBERRIES,STRAWBERRIES - ACRES NON-BEARING,AREA GROWN,AREA GROWN: (0.1 TO 0.9 ACRES),246,15.5
CENSUS,2017,YEAR,,NATIONAL,US TOTAL,,,,,,,,0,,STRAWBERRIES,STRAWBERRIES - ACRES NON-BEARING,AREA GROWN,AREA GROWN: (1.0 TO 4.9 ACRES),536,23.4
CENSUS,2017,YEAR,,NATIONAL,US TOTAL,,,,,,,,0,,STRAWBERRIES,STRAWBERRIES - ACRES NON-BEARING,AREA GROWN,AREA GROWN: (100 OR MORE ACRES), (D),(D)
CENSUS,2017,YEAR,,NATIONAL,US TOTAL,,,,,,,,0,,STRAWBERRIES,STRAWBERRIES - ACRES NON-BEARING,AREA GROWN,AREA GROWN: (15.0 TO 24.9 ACRES),250,10.5
CENSUS,2017,YEAR,,NATIONAL,US TOTAL,,,,,,,,0,,STRAWBERRIES,STRAWBERRIES - ACRES NON-BEARING,AREA GROWN,AREA GROWN: (25.0 TO 49.9 ACRES),235,58.3
CENSUS,2017,YEAR,,NATIONAL,US TOTAL,,,,,,,,0,,STRAWBERRIES,STRAWBERRIES - ACRES NON-BEARING,AREA GROWN,AREA GROWN: (5.0 TO 14.9 ACRES),544,23.1
CENSUS,2017,YEAR,,NATIONAL,US TOTAL,,,,,,,,0,,STRAWBERRIES,STRAWBERRIES - ACRES NON-BEARING,AREA GROWN,AREA GROWN: (50.0 TO 99.9 ACRES), (D),(D)
CENSUS,2017,YEAR,,NATIONAL,US TOTAL,,,,,,,,0,,STRAWBERRIES,STRAWBERRIES - ACRES NON-BEARING,TOTAL,NOT SPECIFIED,"2,045",11
CENSUS,2017,YEAR,,NATIONAL,US TOTAL,,,,,,,,0,,STRAWBERRIES,STRAWBERRIES - OPERATIONS WITH AREA BEARING,AREA GROWN,AREA GROWN: (0.1 TO 0.9 ACRES),"4,934",8.7
CENSUS,2017,YEAR,,NATIONAL,US TOTAL,,,,,,,,0,,STRAWBERRIES,STRAWBERRIES - OPERATIONS WITH AREA BEARING,AREA GROWN,AREA GROWN: (1.0 TO 4.9 ACRES),"2,011",12.3
CENSUS,2017,YEAR,,NATIONAL,US TOTAL,,,,,,,,0,,STRAWBERRIES,STRAWBERRIES - OPERATIONS WITH AREA BEARING,AREA GROWN,AREA GROWN: (100 OR MORE ACRES),130,14.8
CENSUS,2017,YEAR,,NATIONAL,US TOTAL,,,,,,,,0,,STRAWBERRIES,STRAWBERRIES - OPERATIONS WITH AREA BEARING,AREA GROWN,AREA GROWN: (15.0 TO 24.9 ACRES),129,10.8
CENSUS,2017,YEAR,,NATIONAL,US TOTAL,,,,,,,,0,,STRAWBERRIES,STRAWBERRIES - OPERATIONS WITH AREA BEARING,AREA GROWN,AREA GROWN: (25.0 TO 49.9 ACRES),96,22.3
CENSUS,2017,YEAR,,NATIONAL,US TOTAL,,,,,,,,0,,STRAWBERRIES,STRAWBERRIES - OPERATIONS WITH AREA BEARING,AREA GROWN,AREA GROWN: (5.0 TO 14.9 ACRES),562,24.5
CENSUS,2017,YEAR,,NATIONAL,US TOTAL,,,,,,,,0,,STRAWBERRIES,STRAWBERRIES - OPERATIONS WITH AREA BEARING,AREA GROWN,AREA GROWN: (50.0 TO 99.9 ACRES),63,29.9
CENSUS,2017,YEAR,,NATIONAL,US TOTAL,,,,,,,,0,,STRAWBERRIES,STRAWBERRIES - OPERATIONS WITH AREA BEARING,TOTAL,NOT SPECIFIED,"7,925",7.6
CENSUS,2017,YEAR,,NATIONAL,US TOTAL,,,,,,,,0,,STRAWBERRIES,STRAWBERRIES - OPERATIONS WITH AREA GROWN,AREA GROWN,AREA GROWN: (0.1 TO 0.9 ACRES),"5,874",10.4
CENSUS,2017,YEAR,,NATIONAL,US TOTAL,,,,,,,,0,,STRAWBERRIES,STRAWBERRIES - OPERATIONS WITH AREA GROWN,AREA GROWN,AREA GROWN: (1.0 TO 4.9 ACRES),"2,107",11.5
CENSUS,2017,YEAR,,NATIONAL,US TOTAL,,,,,,,,0,,STRAWBERRIES,STRAWBERRIES - OPERATIONS WITH AREA GROWN,AREA GROWN,AREA GROWN: (100 OR MORE ACRES),130,14.8
CENSUS,2017,YEAR,,NATIONAL,US TOTAL,,,,,,,,0,,STRAWBERRIES,STRAWBERRIES - OPERATIONS WITH AREA GROWN,AREA GROWN,AREA GROWN: (15.0 TO 24.9 ACRES),129,10.8
CENSUS,2017,YEAR,,NATIONAL,US TOTAL,,,,,,,,0,,STRAWBERRIES,STRAWBERRIES - OPERATIONS WITH AREA GROWN,AREA GROWN,AREA GROWN: (25.0 TO 49.9 ACRES),96,22.3
CENSUS,2017,YEAR,,NATIONAL,US TOTAL,,,,,,,,0,,STRAWBERRIES,STRAWBERRIES - OPERATIONS WITH AREA GROWN,AREA GROWN,AREA GROWN: (5.0 TO 14.9 ACRES),565,24.4
CENSUS,2017,YEAR,,NATIONAL,US TOTAL,,,,,,,,0,,STRAWBERRIES,STRAWBERRIES - OPERATIONS WITH AREA GROWN,AREA GROWN,AREA GROWN: (50.0 TO 99.9 ACRES),63,29.9
CENSUS,2017,YEAR,,NATIONAL,US TOTAL,,,,,,,,0,,STRAWBERRIES,STRAWBERRIES - OPERATIONS WITH AREA GROWN,TOTAL,NOT SPECIFIED,"8,964",8.5
CENSUS,2017,YEAR,,NATIONAL,US TOTAL,,,,,,,,0,,STRAWBERRIES,STRAWBERRIES - OPERATIONS WITH AREA NON-BEARING,AREA GROWN,AREA GROWN: (0.1 TO 0.9 ACRES),"1,426",17.8
CENSUS,2017,YEAR,,NATIONAL,US TOTAL,,,,,,,,0,,STRAWBERRIES,STRAWBERRIES - OPERATIONS WITH AREA NON-BEARING,AREA GROWN,AREA GROWN: (1.0 TO 4.9 ACRES),572,14.2
CENSUS,2017,YEAR,,NATIONAL,US TOTAL,,,,,,,,0,,STRAWBERRIES,STRAWBERRIES - OPERATIONS WITH AREA NON-BEARING,AREA GROWN,AREA GROWN: (100 OR MORE ACRES),3,0.8
CENSUS,2017,YEAR,,NATIONAL,US TOTAL,,,,,,,,0,,STRAWBERRIES,STRAWBERRIES - OPERATIONS WITH AREA NON-BEARING,AREA GROWN,AREA GROWN: (15.0 TO 24.9 ACRES),47,24.3
CENSUS,2017,YEAR,,NATIONAL,US TOTAL,,,,,,,,0,,STRAWBERRIES,STRAWBERRIES - OPERATIONS WITH AREA NON-BEARING,AREA GROWN,AREA GROWN: (25.0 TO 49.9 ACRES),24,46.7
CENSUS,2017,YEAR,,NATIONAL,US TOTAL,,,,,,,,0,,STRAWBERRIES,STRAWBERRIES - OPERATIONS WITH AREA NON-BEARING,AREA GROWN,AREA GROWN: (5.0 TO 14.9 ACRES),211,19.7
CENSUS,2017,YEAR,,NATIONAL,US TOTAL,,,,,,,,0,,STRAWBERRIES,STRAWBERRIES - OPERATIONS WITH AREA NON-BEARING,AREA GROWN,AREA GROWN: (50.0 TO 99.9 ACRES),5,0.8
CENSUS,2017,YEAR,,NATIONAL,US TOTAL,,,,,,,,0,,STRAWBERRIES,STRAWBERRIES - OPERATIONS WITH AREA NON-BEARING,TOTAL,NOT SPECIFIED,"2,288",13.1
CENSUS,2016,YEAR,,NATIONAL,US TOTAL,,,,,,,,0,,STRAWBERRIES,"STRAWBERRIES, ORGANIC - ACRES HARVESTED",ORGANIC STATUS,ORGANIC STATUS: (NOP USDA CERTIFIED),"6,249",9.7
CENSUS,2016,YEAR,,NATIONAL,US TOTAL,,,,,,,,0,,STRAWBERRIES,"STRAWBERRIES, ORGANIC - OPERATIONS WITH AREA HARVESTED",ORGANIC STATUS,ORGANIC STATUS: (NOP USDA CERTIFIED),611,2.6
CENSUS,2016,YEAR,,NATIONAL,US TOTAL,,,,,,,,0,,STRAWBERRIES,"STRAWBERRIES, ORGANIC - OPERATIONS WITH SALES",ORGANIC STATUS,ORGANIC STATUS: (NOP USDA CERTIFIED),611,2.6
CENSUS,2016,YEAR,,NATIONAL,US TOTAL,,,,,,,,0,,STRAWBERRIES,"STRAWBERRIES, ORGANIC - PRODUCTION, MEASURED IN CWT",ORGANIC STATUS,ORGANIC STATUS: (NOP USDA CERTIFIED),"1,493,500",13.3
CENSUS,2016,YEAR,,NATIONAL,US TOTAL,,,,,,,,0,,STRAWBERRIES,"STRAWBERRIES, ORGANIC - SALES, MEASURED IN $",ORGANIC STATUS,ORGANIC STATUS: (NOP USDA CERTIFIED),"241,620,880",13.3
CENSUS,2016,YEAR,,NATIONAL,US TOTAL,,,,,,,,0,,STRAWBERRIES,"STRAWBERRIES, ORGANIC - SALES, MEASURED IN CWT",ORGANIC STATUS,ORGANIC STATUS: (NOP USDA CERTIFIED),"1,490,954",13.3
CENSUS,2016,YEAR,,NATIONAL,US TOTAL,,,,,,,,0,,STRAWBERRIES,"STRAWBERRIES, ORGANIC, FRESH MARKET - OPERATIONS WITH SALES",ORGANIC STATUS,ORGANIC STATUS: (NOP USDA CERTIFIED),603,2.8
CENSUS,2016,YEAR,,NATIONAL,US TOTAL,,,,,,,,0,,STRAWBERRIES,"STRAWBERRIES, ORGANIC, FRESH MARKET - SALES, MEASURED IN $",ORGANIC STATUS,ORGANIC STATUS: (NOP USDA CERTIFIED),"220,637,117",13.2
CENSUS,2016,YEAR,,NATIONAL,US TOTAL,,,,,,,,0,,STRAWBERRIES,"STRAWBERRIES, ORGANIC, FRESH MARKET - SALES, MEASURED IN CWT",ORGANIC STATUS,ORGANIC STATUS: (NOP USDA CERTIFIED),"1,261,847",12.7
CENSUS,2016,YEAR,,NATIONAL,US TOTAL,,,,,,,,0,,STRAWBERRIES,"STRAWBERRIES, ORGANIC, PROCESSING - OPERATIONS WITH SALES",ORGANIC STATUS,ORGANIC STATUS: (NOP USDA CERTIFIED),74,5.1
CENSUS,2016,YEAR,,NATIONAL,US TOTAL,,,,,,,,0,,STRAWBERRIES,"STRAWBERRIES, ORGANIC, PROCESSING - SALES, MEASURED IN $",ORGANIC STATUS,ORGANIC STATUS: (NOP USDA CERTIFIED),"20,983,763",18.5
CENSUS,2016,YEAR,,NATIONAL,US TOTAL,,,,,,,,0,,STRAWBERRIES,"STRAWBERRIES, ORGANIC, PROCESSING - SALES, MEASURED IN CWT",ORGANIC STATUS,ORGANIC STATUS: (NOP USDA CERTIFIED),"229,107",20.5
CENSUS,2015,YEAR,,NATIONAL,US TOTAL,,,,,,,,0,,STRAWBERRIES,"STRAWBERRIES, ORGANIC - ACRES HARVESTED",ORGANIC STATUS,ORGANIC STATUS: (NOP USDA CERTIFIED),"4,031",32.4
CENSUS,2015,YEAR,,NATIONAL,US TOTAL,,,,,,,,0,,STRAWBERRIES,"STRAWBERRIES, ORGANIC - OPERATIONS WITH AREA HARVESTED",ORGANIC STATUS,ORGANIC STATUS: (NOP USDA CERTIFIED),603,7.9
CENSUS,2015,YEAR,,NATIONAL,US TOTAL,,,,,,,,0,,STRAWBERRIES,"STRAWBERRIES, ORGANIC - OPERATIONS WITH SALES",ORGANIC STATUS,ORGANIC STATUS: (NOP USDA CERTIFIED),603,7.9
CENSUS,2015,YEAR,,NATIONAL,US TOTAL,,,,,,,,0,,STRAWBERRIES,"STRAWBERRIES, ORGANIC - PRODUCTION, MEASURED IN CWT",ORGANIC STATUS,ORGANIC STATUS: (NOP USDA CERTIFIED),"908,293",40.6
CENSUS,2015,YEAR,,NATIONAL,US TOTAL,,,,,,,,0,,STRAWBERRIES,"STRAWBERRIES, ORGANIC - SALES, MEASURED IN $",ORGANIC STATUS,ORGANIC STATUS: (NOP USDA CERTIFIED),"151,318,410",50.1
CENSUS,2015,YEAR,,NATIONAL,US TOTAL,,,,,,,,0,,STRAWBERRIES,"STRAWBERRIES, ORGANIC - SALES, MEASURED IN CWT",ORGANIC STATUS,ORGANIC STATUS: (NOP USDA CERTIFIED),"765,447",46.1
CENSUS,2014,YEAR,,NATIONAL,US TOTAL,,,,,,,,0,,STRAWBERRIES,"STRAWBERRIES, ORGANIC - ACRES HARVESTED",ORGANIC STATUS,ORGANIC STATUS: (NOP USDA CERTIFIED & EXEMPT),"2,980",38.5
CENSUS,2014,YEAR,,NATIONAL,US TOTAL,,,,,,,,0,,STRAWBERRIES,"STRAWBERRIES, ORGANIC - ACRES HARVESTED",ORGANIC STATUS,ORGANIC STATUS: (NOP USDA CERTIFIED),"2,961",38.7
CENSUS,2014,YEAR,,NATIONAL,US TOTAL,,,,,,,,0,,STRAWBERRIES,"STRAWBERRIES, ORGANIC - ACRES HARVESTED",ORGANIC STATUS,ORGANIC STATUS: (NOP USDA EXEMPT),19,50.1
CENSUS,2014,YEAR,,NATIONAL,US TOTAL,,,,,,,,0,,STRAWBERRIES,"STRAWBERRIES, ORGANIC - OPERATIONS WITH AREA HARVESTED",ORGANIC STATUS,ORGANIC STATUS: (NOP USDA CERTIFIED & EXEMPT),618,9.9
CENSUS,2014,YEAR,,NATIONAL,US TOTAL,,,,,,,,0,,STRAWBERRIES,"STRAWBERRIES, ORGANIC - OPERATIONS WITH AREA HARVESTED",ORGANIC STATUS,ORGANIC STATUS: (NOP USDA CERTIFIED),554,8.9
CENSUS,2014,YEAR,,NATIONAL,US TOTAL,,,,,,,,0,,STRAWBERRIES,"STRAWBERRIES, ORGANIC - OPERATIONS WITH AREA HARVESTED",ORGANIC STATUS,ORGANIC STATUS: (NOP USDA EXEMPT),64,31.2
CENSUS,2014,YEAR,,NATIONAL,US TOTAL,,,,,,,,0,,STRAWBERRIES,"STRAWBERRIES, ORGANIC - OPERATIONS WITH SALES",ORGANIC STATUS,ORGANIC STATUS: (NOP USDA CERTIFIED & EXEMPT),610,9.7
CENSUS,2014,YEAR,,NATIONAL,US TOTAL,,,,,,,,0,,STRAWBERRIES,"STRAWBERRIES, ORGANIC - OPERATIONS WITH SALES",ORGANIC STATUS,ORGANIC STATUS: (NOP USDA CERTIFIED),546,8.5
CENSUS,2014,YEAR,,NATIONAL,US TOTAL,,,,,,,,0,,STRAWBERRIES,"STRAWBERRIES, ORGANIC - OPERATIONS WITH SALES",ORGANIC STATUS,ORGANIC STATUS: (NOP USDA EXEMPT),64,31.2
CENSUS,2014,YEAR,,NATIONAL,US TOTAL,,,,,,,,0,,STRAWBERRIES,"STRAWBERRIES, ORGANIC - OPERATIONS WITH SALES IN CONVENTIONAL MARKETS",ORGANIC STATUS,ORGANIC STATUS: (NOP USDA CERTIFIED & EXEMPT),18,50.8
CENSUS,2014,YEAR,,NATIONAL,US TOTAL,,,,,,,,0,,STRAWBERRIES,"STRAWBERRIES, ORGANIC - OPERATIONS WITH SALES IN CONVENTIONAL MARKETS",ORGANIC STATUS,ORGANIC STATUS: (NOP USDA CERTIFIED),10,52.7
CENSUS,2014,YEAR,,NATIONAL,US TOTAL,,,,,,,,0,,STRAWBERRIES,"STRAWBERRIES, ORGANIC - OPERATIONS WITH SALES IN CONVENTIONAL MARKETS",ORGANIC STATUS,ORGANIC STATUS: (NOP USDA EXEMPT),8,81.9
CENSUS,2014,YEAR,,NATIONAL,US TOTAL,,,,,,,,0,,STRAWBERRIES,"STRAWBERRIES, ORGANIC - OPERATIONS WITH SALES IN ORGANIC MARKETS",ORGANIC STATUS,ORGANIC STATUS: (NOP USDA CERTIFIED & EXEMPT),602,9.2
CENSUS,2014,YEAR,,NATIONAL,US TOTAL,,,,,,,,0,,STRAWBERRIES,"STRAWBERRIES, ORGANIC - OPERATIONS WITH SALES IN ORGANIC MARKETS",ORGANIC STATUS,ORGANIC STATUS: (NOP USDA CERTIFIED),544,8.5
CENSUS,2014,YEAR,,NATIONAL,US TOTAL,,,,,,,,0,,STRAWBERRIES,"STRAWBERRIES, ORGANIC - OPERATIONS WITH SALES IN ORGANIC MARKETS",ORGANIC STATUS,ORGANIC STATUS: (NOP USDA EXEMPT),58,28
CENSUS,2014,YEAR,,NATIONAL,US TOTAL,,,,,,,,0,,STRAWBERRIES,"STRAWBERRIES, ORGANIC - PRODUCTION, MEASURED IN CWT",ORGANIC STATUS,ORGANIC STATUS: (NOP USDA CERTIFIED & EXEMPT),"564,709",29.7
CENSUS,2014,YEAR,,NATIONAL,US TOTAL,,,,,,,,0,,STRAWBERRIES,"STRAWBERRIES, ORGANIC - PRODUCTION, MEASURED IN CWT",ORGANIC STATUS,ORGANIC STATUS: (NOP USDA CERTIFIED),"563,988",29.7
CENSUS,2014,YEAR,,NATIONAL,US TOTAL,,,,,,,,0,,STRAWBERRIES,"STRAWBERRIES, ORGANIC - PRODUCTION, MEASURED IN CWT",ORGANIC STATUS,ORGANIC STATUS: (NOP USDA EXEMPT),722,61.7
CENSUS,2014,YEAR,,NATIONAL,US TOTAL,,,,,,,,0,,STRAWBERRIES,"STRAWBERRIES, ORGANIC - SALES IN CONVENTIONAL MARKETS, MEASURED IN $",ORGANIC STATUS,ORGANIC STATUS: (NOP USDA CERTIFIED & EXEMPT),"29,355",64.6
CENSUS,2014,YEAR,,NATIONAL,US TOTAL,,,,,,,,0,,STRAWBERRIES,"STRAWBERRIES, ORGANIC - SALES IN CONVENTIONAL MARKETS, MEASURED IN $",ORGANIC STATUS,ORGANIC STATUS: (NOP USDA CERTIFIED),"11,855",(H)
CENSUS,2014,YEAR,,NATIONAL,US TOTAL,,,,,,,,0,,STRAWBERRIES,"STRAWBERRIES, ORGANIC - SALES IN CONVENTIONAL MARKETS, MEASURED IN $",ORGANIC STATUS,ORGANIC STATUS: (NOP USDA EXEMPT),"17,500",92.7
CENSUS,2014,YEAR,,NATIONAL,US TOTAL,,,,,,,,0,,STRAWBERRIES,"STRAWBERRIES, ORGANIC - SALES IN CONVENTIONAL MARKETS, MEASURED IN CWT",ORGANIC STATUS,ORGANIC STATUS: (NOP USDA CERTIFIED & EXEMPT),128,79
CENSUS,2014,YEAR,,NATIONAL,US TOTAL,,,,,,,,0,,STRAWBERRIES,"STRAWBERRIES, ORGANIC - SALES IN CONVENTIONAL MARKETS, MEASURED IN CWT",ORGANIC STATUS,ORGANIC STATUS: (NOP USDA CERTIFIED),79,(H)
CENSUS,2014,YEAR,,NATIONAL,US TOTAL,,,,,,,,0,,STRAWBERRIES,"STRAWBERRIES, ORGANIC - SALES IN CONVENTIONAL MARKETS, MEASURED IN CWT",ORGANIC STATUS,ORGANIC STATUS: (NOP USDA EXEMPT),49,93
CENSUS,2014,YEAR,,NATIONAL,US TOTAL,,,,,,,,0,,STRAWBERRIES,"STRAWBERRIES, ORGANIC - SALES IN ORGANIC MARKETS, MEASURED IN $",ORGANIC STATUS,ORGANIC STATUS: (NOP USDA CERTIFIED & EXEMPT),"89,192,772",25.6
CENSUS,2014,YEAR,,NATIONAL,US TOTAL,,,,,,,,0,,STRAWBERRIES,"STRAWBERRIES, ORGANIC - SALES IN ORGANIC MARKETS, MEASURED IN $",ORGANIC STATUS,ORGANIC STATUS: (NOP USDA CERTIFIED),"89,083,623",25.6
CENSUS,2014,YEAR,,NATIONAL,US TOTAL,,,,,,,,0,,STRAWBERRIES,"STRAWBERRIES, ORGANIC - SALES IN ORGANIC MARKETS, MEASURED IN $",ORGANIC STATUS,ORGANIC STATUS: (NOP USDA EXEMPT),"109,149",56.1
CENSUS,2014,YEAR,,NATIONAL,US TOTAL,,,,,,,,0,,STRAWBERRIES,"STRAWBERRIES, ORGANIC - SALES IN ORGANIC MARKETS, MEASURED IN CWT",ORGANIC STATUS,ORGANIC STATUS: (NOP USDA CERTIFIED & EXEMPT),"557,309",30.2
CENSUS,2014,YEAR,,NATIONAL,US TOTAL,,,,,,,,0,,STRAWBERRIES,"STRAWBERRIES, ORGANIC - SALES IN ORGANIC MARKETS, MEASURED IN CWT",ORGANIC STATUS,ORGANIC STATUS: (NOP USDA CERTIFIED),"556,964",30.2
CENSUS,2014,YEAR,,NATIONAL,US TOTAL,,,,,,,,0,,STRAWBERRIES,"STRAWBERRIES, ORGANIC - SALES IN ORGANIC MARKETS, MEASURED IN CWT",ORGANIC STATUS,ORGANIC STATUS: (NOP USDA EXEMPT),345,54.6
CENSUS,2014,YEAR,,NATIONAL,US TOTAL,,,,,,,,0,,STRAWBERRIES,"STRAWBERRIES, ORGANIC - SALES, MEASURED IN $",ORGANIC STATUS,ORGANIC STATUS: (NOP USDA CERTIFIED & EXEMPT),"89,222,127",25.6
CENSUS,2014,YEAR,,NATIONAL,US TOTAL,,,,,,,,0,,STRAWBERRIES,"STRAWBERRIES, ORGANIC - SALES, MEASURED IN $",ORGANIC STATUS,ORGANIC STATUS: (NOP USDA CERTIFIED),"89,095,478",25.6
CENSUS,2014,YEAR,,NATIONAL,US TOTAL,,,,,,,,0,,STRAWBERRIES,"STRAWBERRIES, ORGANIC - SALES, MEASURED IN $",ORGANIC STATUS,ORGANIC STATUS: (NOP USDA EXEMPT),"126,649",57.3
CENSUS,2014,YEAR,,NATIONAL,US TOTAL,,,,,,,,0,,STRAWBERRIES,"STRAWBERRIES, ORGANIC - SALES, MEASURED IN CWT",ORGANIC STATUS,ORGANIC STATUS: (NOP USDA CERTIFIED & EXEMPT),"557,436",30.2
CENSUS,2014,YEAR,,NATIONAL,US TOTAL,,,,,,,,0,,STRAWBERRIES,"STRAWBERRIES, ORGANIC - SALES, MEASURED IN CWT",ORGANIC STATUS,ORGANIC STATUS: (NOP USDA CERTIFIED),"557,043",30.2
CENSUS,2014,YEAR,,NATIONAL,US TOTAL,,,,,,,,0,,STRAWBERRIES,"STRAWBERRIES, ORGANIC - SALES, MEASURED IN CWT",ORGANIC STATUS,ORGANIC STATUS: (NOP USDA EXEMPT),394,54.9
CENSUS,2012,YEAR,,NATIONAL,US TOTAL,,,,,,,,0,,STRAWBERRIES,STRAWBERRIES - ACRES GROWN,AREA GROWN,AREA GROWN: (0.1 TO 0.9 ACRES),"1,526",2.9
CENSUS,2012,YEAR,,NATIONAL,US TOTAL,,,,,,,,0,,STRAWBERRIES,STRAWBERRIES - ACRES GROWN,AREA GROWN,AREA GROWN: (1.0 TO 4.9 ACRES),"4,993",2.3
CENSUS,2012,YEAR,,NATIONAL,US TOTAL,,,,,,,,0,,STRAWBERRIES,STRAWBERRIES - ACRES GROWN,AREA GROWN,AREA GROWN: (100 OR MORE ACRES),"41,517",5.6
CENSUS,2012,YEAR,,NATIONAL,US TOTAL,,,,,,,,0,,STRAWBERRIES,STRAWBERRIES - ACRES GROWN,AREA GROWN,AREA GROWN: (15.0 TO 24.9 ACRES),"2,622",7.5
CENSUS,2012,YEAR,,NATIONAL,US TOTAL,,,,,,,,0,,STRAWBERRIES,STRAWBERRIES - ACRES GROWN,AREA GROWN,AREA GROWN: (25.0 TO 49.9 ACRES),"3,946",4.1
CENSUS,2012,YEAR,,NATIONAL,US TOTAL,,,,,,,,0,,STRAWBERRIES,STRAWBERRIES - ACRES GROWN,AREA GROWN,AREA GROWN: (5.0 TO 14.9 ACRES),"5,460",5.2
CENSUS,2012,YEAR,,NATIONAL,US TOTAL,,,,,,,,0,,STRAWBERRIES,STRAWBERRIES - ACRES GROWN,AREA GROWN,AREA GROWN: (50.0 TO 99.9 ACRES),"7,403",5.5
CENSUS,2012,YEAR,,NATIONAL,US TOTAL,,,,,,,,0,,STRAWBERRIES,STRAWBERRIES - ACRES GROWN,TOTAL,NOT SPECIFIED,"67,467",3.4
CENSUS,2012,YEAR,,NATIONAL,US TOTAL,,,,,,,,0,,STRAWBERRIES,STRAWBERRIES - ACRES HARVESTED,AREA GROWN,AREA GROWN: (0.1 TO 0.9 ACRES),"1,197",3.1
CENSUS,2012,YEAR,,NATIONAL,US TOTAL,,,,,,,,0,,STRAWBERRIES,STRAWBERRIES - ACRES HARVESTED,AREA GROWN,AREA GROWN: (1.0 TO 4.9 ACRES),"4,206",2.3
CENSUS,2012,YEAR,,NATIONAL,US TOTAL,,,,,,,,0,,STRAWBERRIES,STRAWBERRIES - ACRES HARVESTED,AREA GROWN,AREA GROWN: (100 OR MORE ACRES),"39,780",5.6
CENSUS,2012,YEAR,,NATIONAL,US TOTAL,,,,,,,,0,,STRAWBERRIES,STRAWBERRIES - ACRES HARVESTED,AREA GROWN,AREA GROWN: (15.0 TO 24.9 ACRES),"2,360",7.6
CENSUS,2012,YEAR,,NATIONAL,US TOTAL,,,,,,,,0,,STRAWBERRIES,STRAWBERRIES - ACRES HARVESTED,AREA GROWN,AREA GROWN: (25.0 TO 49.9 ACRES),"3,778",4.2
CENSUS,2012,YEAR,,NATIONAL,US TOTAL,,,,,,,,0,,STRAWBERRIES,STRAWBERRIES - ACRES HARVESTED,AREA GROWN,AREA GROWN: (5.0 TO 14.9 ACRES),"4,597",6
CENSUS,2012,YEAR,,NATIONAL,US TOTAL,,,,,,,,0,,STRAWBERRIES,STRAWBERRIES - ACRES HARVESTED,AREA GROWN,AREA GROWN: (50.0 TO 99.9 ACRES),"7,050",5.8
CENSUS,2012,YEAR,,NATIONAL,US TOTAL,,,,,,,,0,,STRAWBERRIES,STRAWBERRIES - ACRES HARVESTED,TOTAL,NOT SPECIFIED,"62,968",3.8
CENSUS,2012,YEAR,,NATIONAL,US TOTAL,,,,,,,,0,,STRAWBERRIES,STRAWBERRIES - ACRES NOT HARVESTED,AREA GROWN,AREA GROWN: (0.1 TO 0.9 ACRES),330,4.6
CENSUS,2012,YEAR,,NATIONAL,US TOTAL,,,,,,,,0,,STRAWBERRIES,STRAWBERRIES - ACRES NOT HARVESTED,AREA GROWN,AREA GROWN: (1.0 TO 4.9 ACRES),787,4.8
CENSUS,2012,YEAR,,NATIONAL,US TOTAL,,,,,,,,0,,STRAWBERRIES,STRAWBERRIES - ACRES NOT HARVESTED,AREA GROWN,AREA GROWN: (100 OR MORE ACRES),"1,737",39.6
CENSUS,2012,YEAR,,NATIONAL,US TOTAL,,,,,,,,0,,STRAWBERRIES,STRAWBERRIES - ACRES NOT HARVESTED,AREA GROWN,AREA GROWN: (15.0 TO 24.9 ACRES),262,19.3
CENSUS,2012,YEAR,,NATIONAL,US TOTAL,,,,,,,,0,,STRAWBERRIES,STRAWBERRIES - ACRES NOT HARVESTED,AREA GROWN,AREA GROWN: (25.0 TO 49.9 ACRES),169,14.8
CENSUS,2012,YEAR,,NATIONAL,US TOTAL,,,,,,,,0,,STRAWBERRIES,STRAWBERRIES - ACRES NOT HARVESTED,AREA GROWN,AREA GROWN: (5.0 TO 14.9 ACRES),863,8.1
CENSUS,2012,YEAR,,NATIONAL,US TOTAL,,,,,,,,0,,STRAWBERRIES,STRAWBERRIES - ACRES NOT HARVESTED,AREA GROWN,AREA GROWN: (50.0 TO 99.9 ACRES),353,15
CENSUS,2012,YEAR,,NATIONAL,US TOTAL,,,,,,,,0,,STRAWBERRIES,STRAWBERRIES - ACRES NOT HARVESTED,TOTAL,NOT SPECIFIED,"4,500",16
CENSUS,2012,YEAR,,NATIONAL,US TOTAL,,,,,,,,0,,STRAWBERRIES,STRAWBERRIES - OPERATIONS WITH AREA GROWN,AREA GROWN,AREA GROWN: (0.1 TO 0.9 ACRES),"6,562",3.5
CENSUS,2012,YEAR,,NATIONAL,US TOTAL,,,,,,,,0,,STRAWBERRIES,STRAWBERRIES - OPERATIONS WITH AREA GROWN,AREA GROWN,AREA GROWN: (1.0 TO 4.9 ACRES),"2,601",2.6
CENSUS,2012,YEAR,,NATIONAL,US TOTAL,,,,,,,,0,,STRAWBERRIES,STRAWBERRIES - OPERATIONS WITH AREA GROWN,AREA GROWN,AREA GROWN: (100 OR MORE ACRES),157,5.6
CENSUS,2012,YEAR,,NATIONAL,US TOTAL,,,,,,,,0,,STRAWBERRIES,STRAWBERRIES - OPERATIONS WITH AREA GROWN,AREA GROWN,AREA GROWN: (15.0 TO 24.9 ACRES),141,7.1
CENSUS,2012,YEAR,,NATIONAL,US TOTAL,,,,,,,,0,,STRAWBERRIES,STRAWBERRIES - OPERATIONS WITH AREA GROWN,AREA GROWN,AREA GROWN: (25.0 TO 49.9 ACRES),116,4.3
CENSUS,2012,YEAR,,NATIONAL,US TOTAL,,,,,,,,0,,STRAWBERRIES,STRAWBERRIES - OPERATIONS WITH AREA GROWN,AREA GROWN,AREA GROWN: (5.0 TO 14.9 ACRES),707,5
CENSUS,2012,YEAR,,NATIONAL,US TOTAL,,,,,,,,0,,STRAWBERRIES,STRAWBERRIES - OPERATIONS WITH AREA GROWN,AREA GROWN,AREA GROWN: (50.0 TO 99.9 ACRES),104,6.2
CENSUS,2012,YEAR,,NATIONAL,US TOTAL,,,,,,,,0,,STRAWBERRIES,STRAWBERRIES - OPERATIONS WITH AREA GROWN,TOTAL,NOT SPECIFIED,"10,388",2.9
CENSUS,2012,YEAR,,NATIONAL,US TOTAL,,,,,,,,0,,STRAWBERRIES,STRAWBERRIES - OPERATIONS WITH AREA HARVESTED,AREA GROWN,AREA GROWN: (0.1 TO 0.9 ACRES),"5,244",3
CENSUS,2012,YEAR,,NATIONAL,US TOTAL,,,,,,,,0,,STRAWBERRIES,STRAWBERRIES - OPERATIONS WITH AREA HARVESTED,AREA GROWN,AREA GROWN: (1.0 TO 4.9 ACRES),"2,395",2.6
CENSUS,2012,YEAR,,NATIONAL,US TOTAL,,,,,,,,0,,STRAWBERRIES,STRAWBERRIES - OPERATIONS WITH AREA HARVESTED,AREA GROWN,AREA GROWN: (100 OR MORE ACRES),155,5.7
CENSUS,2012,YEAR,,NATIONAL,US TOTAL,,,,,,,,0,,STRAWBERRIES,STRAWBERRIES - OPERATIONS WITH AREA HARVESTED,AREA GROWN,AREA GROWN: (15.0 TO 24.9 ACRES),140,7.5
CENSUS,2012,YEAR,,NATIONAL,US TOTAL,,,,,,,,0,,STRAWBERRIES,STRAWBERRIES - OPERATIONS WITH AREA HARVESTED,AREA GROWN,AREA GROWN: (25.0 TO 49.9 ACRES),116,4.3
CENSUS,2012,YEAR,,NATIONAL,US TOTAL,,,,,,,,0,,STRAWBERRIES,STRAWBERRIES - OPERATIONS WITH AREA HARVESTED,AREA GROWN,AREA GROWN: (5.0 TO 14.9 ACRES),674,6.2
CENSUS,2012,YEAR,,NATIONAL,US TOTAL,,,,,,,,0,,STRAWBERRIES,STRAWBERRIES - OPERATIONS WITH AREA HARVESTED,AREA GROWN,AREA GROWN: (50.0 TO 99.9 ACRES),104,6.2
CENSUS,2012,YEAR,,NATIONAL,US TOTAL,,,,,,,,0,,STRAWBERRIES,STRAWBERRIES - OPERATIONS WITH AREA HARVESTED,TOTAL,NOT SPECIFIED,"8,828",2.5
CENSUS,2012,YEAR,,NATIONAL,US TOTAL,,,,,,,,0,,STRAWBERRIES,STRAWBERRIES - OPERATIONS WITH AREA NOT HARVESTED,AREA GROWN,AREA GROWN: (0.1 TO 0.9 ACRES),"1,734",5.5
CENSUS,2012,YEAR,,NATIONAL,US TOTAL,,,,,,,,0,,STRAWBERRIES,STRAWBERRIES - OPERATIONS WITH AREA NOT HARVESTED,AREA GROWN,AREA GROWN: (1.0 TO 4.9 ACRES),697,4.2
CENSUS,2012,YEAR,,NATIONAL,US TOTAL,,,,,,,,0,,STRAWBERRIES,STRAWBERRIES - OPERATIONS WITH AREA NOT HARVESTED,AREA GROWN,AREA GROWN: (100 OR MORE ACRES),18,24.2
CENSUS,2012,YEAR,,NATIONAL,US TOTAL,,,,,,,,0,,STRAWBERRIES,STRAWBERRIES - OPERATIONS WITH AREA NOT HARVESTED,AREA GROWN,AREA GROWN: (15.0 TO 24.9 ACRES),37,14.5
CENSUS,2012,YEAR,,NATIONAL,US TOTAL,,,,,,,,0,,STRAWBERRIES,STRAWBERRIES - OPERATIONS WITH AREA NOT HARVESTED,AREA GROWN,AREA GROWN: (25.0 TO 49.9 ACRES),21,14.3
CENSUS,2012,YEAR,,NATIONAL,US TOTAL,,,,,,,,0,,STRAWBERRIES,STRAWBERRIES - OPERATIONS WITH AREA NOT HARVESTED,AREA GROWN,AREA GROWN: (5.0 TO 14.9 ACRES),238,5.3
CENSUS,2012,YEAR,,NATIONAL,US TOTAL,,,,,,,,0,,STRAWBERRIES,STRAWBERRIES - OPERATIONS WITH AREA NOT HARVESTED,AREA GROWN,AREA GROWN: (50.0 TO 99.9 ACRES),19,20
CENSUS,2012,YEAR,,NATIONAL,US TOTAL,,,,,,,,0,,STRAWBERRIES,STRAWBERRIES - OPERATIONS WITH AREA NOT HARVESTED,TOTAL,NOT SPECIFIED,"2,764",3.9
CENSUS,2011,YEAR,,NATIONAL,US TOTAL,,,,,,,,0,,STRAWBERRIES,"STRAWBERRIES, ORGANIC - ACRES HARVESTED",ORGANIC STATUS,ORGANIC STATUS: (NOP USDA CERTIFIED),"1,638",
CENSUS,2011,YEAR,,NATIONAL,US TOTAL,,,,,,,,0,,STRAWBERRIES,"STRAWBERRIES, ORGANIC - OPERATIONS WITH AREA HARVESTED",ORGANIC STATUS,ORGANIC STATUS: (NOP USDA CERTIFIED),356,
CENSUS,2011,YEAR,,NATIONAL,US TOTAL,,,,,,,,0,,STRAWBERRIES,"STRAWBERRIES, ORGANIC - OPERATIONS WITH SALES",ORGANIC STATUS,ORGANIC STATUS: (NOP USDA CERTIFIED),347,
CENSUS,2011,YEAR,,NATIONAL,US TOTAL,,,,,,,,0,,STRAWBERRIES,"STRAWBERRIES, ORGANIC - OPERATIONS WITH SALES IN CONVENTIONAL MARKETS",ORGANIC STATUS,ORGANIC STATUS: (NOP USDA CERTIFIED),4,
CENSUS,2011,YEAR,,NATIONAL,US TOTAL,,,,,,,,0,,STRAWBERRIES,"STRAWBERRIES, ORGANIC - OPERATIONS WITH SALES IN ORGANIC MARKETS",ORGANIC STATUS,ORGANIC STATUS: (NOP USDA CERTIFIED),346,
CENSUS,2011,YEAR,,NATIONAL,US TOTAL,,,,,,,,0,,STRAWBERRIES,"STRAWBERRIES, ORGANIC - PRODUCTION, MEASURED IN CWT",ORGANIC STATUS,ORGANIC STATUS: (NOP USDA CERTIFIED),"377,887",
CENSUS,2011,YEAR,,NATIONAL,US TOTAL,,,,,,,,0,,STRAWBERRIES,"STRAWBERRIES, ORGANIC - SALES IN CONVENTIONAL MARKETS, MEASURED IN $",ORGANIC STATUS,ORGANIC STATUS: (NOP USDA CERTIFIED),"33,457",
CENSUS,2011,YEAR,,NATIONAL,US TOTAL,,,,,,,,0,,STRAWBERRIES,"STRAWBERRIES, ORGANIC - SALES IN CONVENTIONAL MARKETS, MEASURED IN CWT",ORGANIC STATUS,ORGANIC STATUS: (NOP USDA CERTIFIED),175,
CENSUS,2011,YEAR,,NATIONAL,US TOTAL,,,,,,,,0,,STRAWBERRIES,"STRAWBERRIES, ORGANIC - SALES IN ORGANIC MARKETS, MEASURED IN $",ORGANIC STATUS,ORGANIC STATUS: (NOP USDA CERTIFIED),"66,438,158",
CENSUS,2011,YEAR,,NATIONAL,US TOTAL,,,,,,,,0,,STRAWBERRIES,"STRAWBERRIES, ORGANIC - SALES IN ORGANIC MARKETS, MEASURED IN CWT",ORGANIC STATUS,ORGANIC STATUS: (NOP USDA CERTIFIED),"375,640",
CENSUS,2011,YEAR,,NATIONAL,US TOTAL,,,,,,,,0,,STRAWBERRIES,"STRAWBERRIES, ORGANIC - SALES, MEASURED IN $",ORGANIC STATUS,ORGANIC STATUS: (NOP USDA CERTIFIED),"66,471,615",
CENSUS,2011,YEAR,,NATIONAL,US TOTAL,,,,,,,,0,,STRAWBERRIES,"STRAWBERRIES, ORGANIC - SALES, MEASURED IN CWT",ORGANIC STATUS,ORGANIC STATUS: (NOP USDA CERTIFIED),"375,815",
CENSUS,2008,YEAR,,NATIONAL,US TOTAL,,,,,,,,0,,STRAWBERRIES,"STRAWBERRIES, ORGANIC - ACRES HARVESTED",ORGANIC STATUS,ORGANIC STATUS: (NOP USDA CERTIFIED & EXEMPT),"1,577",
CENSUS,2008,YEAR,,NATIONAL,US TOTAL,,,,,,,,0,,STRAWBERRIES,"STRAWBERRIES, ORGANIC - ACRES HARVESTED",ORGANIC STATUS,ORGANIC STATUS: (NOP USDA CERTIFIED),"1,516",
CENSUS,2008,YEAR,,NATIONAL,US TOTAL,,,,,,,,0,,STRAWBERRIES,"STRAWBERRIES, ORGANIC - ACRES HARVESTED",ORGANIC STATUS,ORGANIC STATUS: (NOP USDA EXEMPT),62,
CENSUS,2008,YEAR,,NATIONAL,US TOTAL,,,,,,,,0,,STRAWBERRIES,"STRAWBERRIES, ORGANIC - OPERATIONS WITH AREA HARVESTED",ORGANIC STATUS,ORGANIC STATUS: (NOP USDA CERTIFIED & EXEMPT),693,
CENSUS,2008,YEAR,,NATIONAL,US TOTAL,,,,,,,,0,,STRAWBERRIES,"STRAWBERRIES, ORGANIC - OPERATIONS WITH AREA HARVESTED",ORGANIC STATUS,ORGANIC STATUS: (NOP USDA CERTIFIED),476,
CENSUS,2008,YEAR,,NATIONAL,US TOTAL,,,,,,,,0,,STRAWBERRIES,"STRAWBERRIES, ORGANIC - OPERATIONS WITH AREA HARVESTED",ORGANIC STATUS,ORGANIC STATUS: (NOP USDA EXEMPT),217,
CENSUS,2008,YEAR,,NATIONAL,US TOTAL,,,,,,,,0,,STRAWBERRIES,"STRAWBERRIES, ORGANIC - OPERATIONS WITH SALES",ORGANIC STATUS,ORGANIC STATUS: (NOP USDA CERTIFIED & EXEMPT),673,
CENSUS,2008,YEAR,,NATIONAL,US TOTAL,,,,,,,,0,,STRAWBERRIES,"STRAWBERRIES, ORGANIC - OPERATIONS WITH SALES",ORGANIC STATUS,ORGANIC STATUS: (NOP USDA CERTIFIED),470,
CENSUS,2008,YEAR,,NATIONAL,US TOTAL,,,,,,,,0,,STRAWBERRIES,"STRAWBERRIES, ORGANIC - OPERATIONS WITH SALES",ORGANIC STATUS,ORGANIC STATUS: (NOP USDA EXEMPT),203,
CENSUS,2008,YEAR,,NATIONAL,US TOTAL,,,,,,,,0,,STRAWBERRIES,"STRAWBERRIES, ORGANIC - PRODUCTION, MEASURED IN CWT",ORGANIC STATUS,ORGANIC STATUS: (NOP USDA CERTIFIED & EXEMPT),"424,368",
CENSUS,2008,YEAR,,NATIONAL,US TOTAL,,,,,,,,0,,STRAWBERRIES,"STRAWBERRIES, ORGANIC - PRODUCTION, MEASURED IN CWT",ORGANIC STATUS,ORGANIC STATUS: (NOP USDA CERTIFIED),"421,519",
CENSUS,2008,YEAR,,NATIONAL,US TOTAL,,,,,,,,0,,STRAWBERRIES,"STRAWBERRIES, ORGANIC - PRODUCTION, MEASURED IN CWT",ORGANIC STATUS,ORGANIC STATUS: (NOP USDA EXEMPT),"2,849",
CENSUS,2008,YEAR,,NATIONAL,US TOTAL,,,,,,,,0,,STRAWBERRIES,"STRAWBERRIES, ORGANIC - SALES, MEASURED IN $",ORGANIC STATUS,ORGANIC STATUS: (NOP USDA CERTIFIED & EXEMPT),"43,700,241",
CENSUS,2008,YEAR,,NATIONAL,US TOTAL,,,,,,,,0,,STRAWBERRIES,"STRAWBERRIES, ORGANIC - SALES, MEASURED IN $",ORGANIC STATUS,ORGANIC STATUS: (NOP USDA CERTIFIED),"43,441,968",
CENSUS,2008,YEAR,,NATIONAL,US TOTAL,,,,,,,,0,,STRAWBERRIES,"STRAWBERRIES, ORGANIC - SALES, MEASURED IN $",ORGANIC STATUS,ORGANIC STATUS: (NOP USDA EXEMPT),"258,273",
CENSUS,2007,YEAR,,NATIONAL,US TOTAL,,,,,,,,0,,STRAWBERRIES,STRAWBERRIES - ACRES GROWN,AREA GROWN,AREA GROWN: (0.1 TO 0.9 ACRES),"1,190",
CENSUS,2007,YEAR,,NATIONAL,US TOTAL,,,,,,,,0,,STRAWBERRIES,STRAWBERRIES - ACRES GROWN,AREA GROWN,AREA GROWN: (1.0 TO 4.9 ACRES),"5,665",
CENSUS,2007,YEAR,,NATIONAL,US TOTAL,,,,,,,,0,,STRAWBERRIES,STRAWBERRIES - ACRES GROWN,AREA GROWN,AREA GROWN: (100 OR MORE ACRES),"30,681",
CENSUS,2007,YEAR,,NATIONAL,US TOTAL,,,,,,,,0,,STRAWBERRIES,STRAWBERRIES - ACRES GROWN,AREA GROWN,AREA GROWN: (15.0 TO 24.9 ACRES),"3,004",
CENSUS,2007,YEAR,,NATIONAL,US TOTAL,,,,,,,,0,,STRAWBERRIES,STRAWBERRIES - ACRES GROWN,AREA GROWN,AREA GROWN: (25.0 TO 49.9 ACRES),"4,914",
CENSUS,2007,YEAR,,NATIONAL,US TOTAL,,,,,,,,0,,STRAWBERRIES,STRAWBERRIES - ACRES GROWN,AREA GROWN,AREA GROWN: (5.0 TO 14.9 ACRES),"6,621",
CENSUS,2007,YEAR,,NATIONAL,US TOTAL,,,,,,,,0,,STRAWBERRIES,STRAWBERRIES - ACRES GROWN,AREA GROWN,AREA GROWN: (50.0 TO 99.9 ACRES),"6,643",
CENSUS,2007,YEAR,,NATIONAL,US TOTAL,,,,,,,,0,,STRAWBERRIES,STRAWBERRIES - ACRES GROWN,TOTAL,NOT SPECIFIED,"58,718",
CENSUS,2007,YEAR,,NATIONAL,US TOTAL,,,,,,,,0,,STRAWBERRIES,STRAWBERRIES - ACRES HARVESTED,AREA GROWN,AREA GROWN: (0.1 TO 0.9 ACRES),995,
CENSUS,2007,YEAR,,NATIONAL,US TOTAL,,,,,,,,0,,STRAWBERRIES,STRAWBERRIES - ACRES HARVESTED,AREA GROWN,AREA GROWN: (1.0 TO 4.9 ACRES),"4,767",
CENSUS,2007,YEAR,,NATIONAL,US TOTAL,,,,,,,,0,,STRAWBERRIES,STRAWBERRIES - ACRES HARVESTED,AREA GROWN,AREA GROWN: (100 OR MORE ACRES),"30,323",
CENSUS,2007,YEAR,,NATIONAL,US TOTAL,,,,,,,,0,,STRAWBERRIES,STRAWBERRIES - ACRES HARVESTED,AREA GROWN,AREA GROWN: (15.0 TO 24.9 ACRES),"2,764",
CENSUS,2007,YEAR,,NATIONAL,US TOTAL,,,,,,,,0,,STRAWBERRIES,STRAWBERRIES - ACRES HARVESTED,AREA GROWN,AREA GROWN: (25.0 TO 49.9 ACRES),"4,536",
CENSUS,2007,YEAR,,NATIONAL,US TOTAL,,,,,,,,0,,STRAWBERRIES,STRAWBERRIES - ACRES HARVESTED,AREA GROWN,AREA GROWN: (5.0 TO 14.9 ACRES),"5,741",
CENSUS,2007,YEAR,,NATIONAL,US TOTAL,,,,,,,,0,,STRAWBERRIES,STRAWBERRIES - ACRES HARVESTED,AREA GROWN,AREA GROWN: (50.0 TO 99.9 ACRES),"6,475",
CENSUS,2007,YEAR,,NATIONAL,US TOTAL,,,,,,,,0,,STRAWBERRIES,STRAWBERRIES - ACRES HARVESTED,TOTAL,NOT SPECIFIED,"55,601",
CENSUS,2007,YEAR,,NATIONAL,US TOTAL,,,,,,,,0,,STRAWBERRIES,STRAWBERRIES - ACRES NOT HARVESTED,AREA GROWN,AREA GROWN: (0.1 TO 0.9 ACRES),195,
CENSUS,2007,YEAR,,NATIONAL,US TOTAL,,,,,,,,0,,STRAWBERRIES,STRAWBERRIES - ACRES NOT HARVESTED,AREA GROWN,AREA GROWN: (1.0 TO 4.9 ACRES),899,
CENSUS,2007,YEAR,,NATIONAL,US TOTAL,,,,,,,,0,,STRAWBERRIES,STRAWBERRIES - ACRES NOT HARVESTED,AREA GROWN,AREA GROWN: (100 OR MORE ACRES),357,
CENSUS,2007,YEAR,,NATIONAL,US TOTAL,,,,,,,,0,,STRAWBERRIES,STRAWBERRIES - ACRES NOT HARVESTED,AREA GROWN,AREA GROWN: (15.0 TO 24.9 ACRES),240,
CENSUS,2007,YEAR,,NATIONAL,US TOTAL,,,,,,,,0,,STRAWBERRIES,STRAWBERRIES - ACRES NOT HARVESTED,AREA GROWN,AREA GROWN: (25.0 TO 49.9 ACRES),379,
CENSUS,2007,YEAR,,NATIONAL,US TOTAL,,,,,,,,0,,STRAWBERRIES,STRAWBERRIES - ACRES NOT HARVESTED,AREA GROWN,AREA GROWN: (5.0 TO 14.9 ACRES),880,
CENSUS,2007,YEAR,,NATIONAL,US TOTAL,,,,,,,,0,,STRAWBERRIES,STRAWBERRIES - ACRES NOT HARVESTED,AREA GROWN,AREA GROWN: (50.0 TO 99.9 ACRES),168,
CENSUS,2007,YEAR,,NATIONAL,US TOTAL,,,,,,,,0,,STRAWBERRIES,STRAWBERRIES - ACRES NOT HARVESTED,TOTAL,NOT SPECIFIED,"3,117",
CENSUS,2007,YEAR,,NATIONAL,US TOTAL,,,,,,,,0,,STRAWBERRIES,STRAWBERRIES - OPERATIONS WITH AREA GROWN,AREA GROWN,AREA GROWN: (0.1 TO 0.9 ACRES),"4,377",
CENSUS,2007,YEAR,,NATIONAL,US TOTAL,,,,,,,,0,,STRAWBERRIES,STRAWBERRIES - OPERATIONS WITH AREA GROWN,AREA GROWN,AREA GROWN: (1.0 TO 4.9 ACRES),"2,879",
CENSUS,2007,YEAR,,NATIONAL,US TOTAL,,,,,,,,0,,STRAWBERRIES,STRAWBERRIES - OPERATIONS WITH AREA GROWN,AREA GROWN,AREA GROWN: (100 OR MORE ACRES),119,
CENSUS,2007,YEAR,,NATIONAL,US TOTAL,,,,,,,,0,,STRAWBERRIES,STRAWBERRIES - OPERATIONS WITH AREA GROWN,AREA GROWN,AREA GROWN: (15.0 TO 24.9 ACRES),165,
CENSUS,2007,YEAR,,NATIONAL,US TOTAL,,,,,,,,0,,STRAWBERRIES,STRAWBERRIES - OPERATIONS WITH AREA GROWN,AREA GROWN,AREA GROWN: (25.0 TO 49.9 ACRES),148,
CENSUS,2007,YEAR,,NATIONAL,US TOTAL,,,,,,,,0,,STRAWBERRIES,STRAWBERRIES - OPERATIONS WITH AREA GROWN,AREA GROWN,AREA GROWN: (5.0 TO 14.9 ACRES),855,
CENSUS,2007,YEAR,,NATIONAL,US TOTAL,,,,,,,,0,,STRAWBERRIES,STRAWBERRIES - OPERATIONS WITH AREA GROWN,AREA GROWN,AREA GROWN: (50.0 TO 99.9 ACRES),95,
CENSUS,2007,YEAR,,NATIONAL,US TOTAL,,,,,,,,0,,STRAWBERRIES,STRAWBERRIES - OPERATIONS WITH AREA GROWN,TOTAL,NOT SPECIFIED,"8,638",
CENSUS,2007,YEAR,,NATIONAL,US TOTAL,,,,,,,,0,,STRAWBERRIES,STRAWBERRIES - OPERATIONS WITH AREA HARVESTED,AREA GROWN,AREA GROWN: (0.1 TO 0.9 ACRES),"3,814",
CENSUS,2007,YEAR,,NATIONAL,US TOTAL,,,,,,,,0,,STRAWBERRIES,STRAWBERRIES - OPERATIONS WITH AREA HARVESTED,AREA GROWN,AREA GROWN: (1.0 TO 4.9 ACRES),"2,633",
CENSUS,2007,YEAR,,NATIONAL,US TOTAL,,,,,,,,0,,STRAWBERRIES,STRAWBERRIES - OPERATIONS WITH AREA HARVESTED,AREA GROWN,AREA GROWN: (100 OR MORE ACRES),119,
CENSUS,2007,YEAR,,NATIONAL,US TOTAL,,,,,,,,0,,STRAWBERRIES,STRAWBERRIES - OPERATIONS WITH AREA HARVESTED,AREA GROWN,AREA GROWN: (15.0 TO 24.9 ACRES),163,
CENSUS,2007,YEAR,,NATIONAL,US TOTAL,,,,,,,,0,,STRAWBERRIES,STRAWBERRIES - OPERATIONS WITH AREA HARVESTED,AREA GROWN,AREA GROWN: (25.0 TO 49.9 ACRES),146,
CENSUS,2007,YEAR,,NATIONAL,US TOTAL,,,,,,,,0,,STRAWBERRIES,STRAWBERRIES - OPERATIONS WITH AREA HARVESTED,AREA GROWN,AREA GROWN: (5.0 TO 14.9 ACRES),837,
CENSUS,2007,YEAR,,NATIONAL,US TOTAL,,,,,,,,0,,STRAWBERRIES,STRAWBERRIES - OPERATIONS WITH AREA HARVESTED,AREA GROWN,AREA GROWN: (50.0 TO 99.9 ACRES),95,
CENSUS,2007,YEAR,,NATIONAL,US TOTAL,,,,,,,,0,,STRAWBERRIES,STRAWBERRIES - OPERATIONS WITH AREA HARVESTED,TOTAL,NOT SPECIFIED,"7,807",
CENSUS,2007,YEAR,,NATIONAL,US TOTAL,,,,,,,,0,,STRAWBERRIES,STRAWBERRIES - OPERATIONS WITH AREA NOT HARVESTED,AREA GROWN,AREA GROWN: (0.1 TO 0.9 ACRES),815,
CENSUS,2007,YEAR,,NATIONAL,US TOTAL,,,,,,,,0,,STRAWBERRIES,STRAWBERRIES - OPERATIONS WITH AREA NOT HARVESTED,AREA GROWN,AREA GROWN: (1.0 TO 4.9 ACRES),769,
CENSUS,2007,YEAR,,NATIONAL,US TOTAL,,,,,,,,0,,STRAWBERRIES,STRAWBERRIES - OPERATIONS WITH AREA NOT HARVESTED,AREA GROWN,AREA GROWN: (100 OR MORE ACRES),8,
CENSUS,2007,YEAR,,NATIONAL,US TOTAL,,,,,,,,0,,STRAWBERRIES,STRAWBERRIES - OPERATIONS WITH AREA NOT HARVESTED,AREA GROWN,AREA GROWN: (15.0 TO 24.9 ACRES),41,
CENSUS,2007,YEAR,,NATIONAL,US TOTAL,,,,,,,,0,,STRAWBERRIES,STRAWBERRIES - OPERATIONS WITH AREA NOT HARVESTED,AREA GROWN,AREA GROWN: (25.0 TO 49.9 ACRES),27,
CENSUS,2007,YEAR,,NATIONAL,US TOTAL,,,,,,,,0,,STRAWBERRIES,STRAWBERRIES - OPERATIONS WITH AREA NOT HARVESTED,AREA GROWN,AREA GROWN: (5.0 TO 14.9 ACRES),305,
CENSUS,2007,YEAR,,NATIONAL,US TOTAL,,,,,,,,0,,STRAWBERRIES,STRAWBERRIES - OPERATIONS WITH AREA NOT HARVESTED,AREA GROWN,AREA GROWN: (50.0 TO 99.9 ACRES),11,
CENSUS,2007,YEAR,,NATIONAL,US TOTAL,,,,,,,,0,,STRAWBERRIES,STRAWBERRIES - OPERATIONS WITH AREA NOT HARVESTED,TOTAL,NOT SPECIFIED,"1,976",
CENSUS,2002,YEAR,,NATIONAL,US TOTAL,,,,,,,,0,,STRAWBERRIES,STRAWBERRIES - ACRES HARVESTED,AREA GROWN,AREA GROWN: (0.1 TO 0.9 ACRES),843,
CENSUS,2002,YEAR,,NATIONAL,US TOTAL,,,,,,,,0,,STRAWBERRIES,STRAWBERRIES - ACRES HARVESTED,AREA GROWN,AREA GROWN: (1.0 TO 4.9 ACRES),"5,011",
CENSUS,2002,YEAR,,NATIONAL,US TOTAL,,,,,,,,0,,STRAWBERRIES,STRAWBERRIES - ACRES HARVESTED,AREA GROWN,AREA GROWN: (100 OR MORE ACRES),"24,618",
CENSUS,2002,YEAR,,NATIONAL,US TOTAL,,,,,,,,0,,STRAWBERRIES,STRAWBERRIES - ACRES HARVESTED,AREA GROWN,AREA GROWN: (15.0 TO 24.9 ACRES),"3,251",
CENSUS,2002,YEAR,,NATIONAL,US TOTAL,,,,,,,,0,,STRAWBERRIES,STRAWBERRIES - ACRES HARVESTED,AREA GROWN,AREA GROWN: (25.0 TO 49.9 ACRES),"6,758",
CENSUS,2002,YEAR,,NATIONAL,US TOTAL,,,,,,,,0,,STRAWBERRIES,STRAWBERRIES - ACRES HARVESTED,AREA GROWN,AREA GROWN: (5.0 TO 14.9 ACRES),"6,586",
CENSUS,2002,YEAR,,NATIONAL,US TOTAL,,,,,,,,0,,STRAWBERRIES,STRAWBERRIES - ACRES HARVESTED,AREA GROWN,AREA GROWN: (50.0 TO 99.9 ACRES),"8,799",
CENSUS,2002,YEAR,,NATIONAL,US TOTAL,,,,,,,,0,,STRAWBERRIES,STRAWBERRIES - ACRES HARVESTED,TOTAL,NOT SPECIFIED,"55,866",
CENSUS,2002,YEAR,,NATIONAL,US TOTAL,,,,,,,,0,,STRAWBERRIES,STRAWBERRIES - OPERATIONS WITH AREA HARVESTED,AREA GROWN,AREA GROWN: (0.1 TO 0.9 ACRES),"2,821",
CENSUS,2002,YEAR,,NATIONAL,US TOTAL,,,,,,,,0,,STRAWBERRIES,STRAWBERRIES - OPERATIONS WITH AREA HARVESTED,AREA GROWN,AREA GROWN: (1.0 TO 4.9 ACRES),"2,485",
CENSUS,2002,YEAR,,NATIONAL,US TOTAL,,,,,,,,0,,STRAWBERRIES,STRAWBERRIES - OPERATIONS WITH AREA HARVESTED,AREA GROWN,AREA GROWN: (100 OR MORE ACRES),128,
CENSUS,2002,YEAR,,NATIONAL,US TOTAL,,,,,,,,0,,STRAWBERRIES,STRAWBERRIES - OPERATIONS WITH AREA HARVESTED,AREA GROWN,AREA GROWN: (15.0 TO 24.9 ACRES),174,
CENSUS,2002,YEAR,,NATIONAL,US TOTAL,,,,,,,,0,,STRAWBERRIES,STRAWBERRIES - OPERATIONS WITH AREA HARVESTED,AREA GROWN,AREA GROWN: (25.0 TO 49.9 ACRES),201,
CENSUS,2002,YEAR,,NATIONAL,US TOTAL,,,,,,,,0,,STRAWBERRIES,STRAWBERRIES - OPERATIONS WITH AREA HARVESTED,AREA GROWN,AREA GROWN: (5.0 TO 14.9 ACRES),864,
CENSUS,2002,YEAR,,NATIONAL,US TOTAL,,,,,,,,0,,STRAWBERRIES,STRAWBERRIES - OPERATIONS WITH AREA HARVESTED,AREA GROWN,AREA GROWN: (50.0 TO 99.9 ACRES),126,
CENSUS,2002,YEAR,,NATIONAL,US TOTAL,,,,,,,,0,,STRAWBERRIES,STRAWBERRIES - OPERATIONS WITH AREA HARVESTED,TOTAL,NOT SPECIFIED,"6,799",
CENSUS,1997,YEAR,,NATIONAL,US TOTAL,,,,,,,,0,,STRAWBERRIES,STRAWBERRIES - ACRES HARVESTED,AREA GROWN,AREA GROWN: (0.1 TO 0.9 ACRES),912,
CENSUS,1997,YEAR,,NATIONAL,US TOTAL,,,,,,,,0,,STRAWBERRIES,STRAWBERRIES - ACRES HARVESTED,AREA GROWN,AREA GROWN: (1.0 TO 4.9 ACRES),"6,373",
CENSUS,1997,YEAR,,NATIONAL,US TOTAL,,,,,,,,0,,STRAWBERRIES,STRAWBERRIES - ACRES HARVESTED,AREA GROWN,AREA GROWN: (100 OR MORE ACRES),"20,440",
CENSUS,1997,YEAR,,NATIONAL,US TOTAL,,,,,,,,0,,STRAWBERRIES,STRAWBERRIES - ACRES HARVESTED,AREA GROWN,AREA GROWN: (15.0 TO 24.9 ACRES),"4,289",
CENSUS,1997,YEAR,,NATIONAL,US TOTAL,,,,,,,,0,,STRAWBERRIES,STRAWBERRIES - ACRES HARVESTED,AREA GROWN,AREA GROWN: (25.0 TO 49.9 ACRES),"6,532",
CENSUS,1997,YEAR,,NATIONAL,US TOTAL,,,,,,,,0,,STRAWBERRIES,STRAWBERRIES - ACRES HARVESTED,AREA GROWN,AREA GROWN: (5.0 TO 14.9 ACRES),"8,537",
CENSUS,1997,YEAR,,NATIONAL,US TOTAL,,,,,,,,0,,STRAWBERRIES,STRAWBERRIES - ACRES HARVESTED,AREA GROWN,AREA GROWN: (50.0 TO 99.9 ACRES),"8,664",
CENSUS,1997,YEAR,,NATIONAL,US TOTAL,,,,,,,,0,,STRAWBERRIES,STRAWBERRIES - ACRES HARVESTED,TOTAL,NOT SPECIFIED,"55,746",
CENSUS,1997,YEAR,,NATIONAL,US TOTAL,,,,,,,,0,,STRAWBERRIES,STRAWBERRIES - OPERATIONS WITH AREA HARVESTED,AREA GROWN,AREA GROWN: (0.1 TO 0.9 ACRES),"3,257",
CENSUS,1997,YEAR,,NATIONAL,US TOTAL,,,,,,,,0,,STRAWBERRIES,STRAWBERRIES - OPERATIONS WITH AREA HARVESTED,AREA GROWN,AREA GROWN: (1.0 TO 4.9 ACRES),"3,038",
CENSUS,1997,YEAR,,NATIONAL,US TOTAL,,,,,,,,0,,STRAWBERRIES,STRAWBERRIES - OPERATIONS WITH AREA HARVESTED,AREA GROWN,AREA GROWN: (100 OR MORE ACRES),97,
CENSUS,1997,YEAR,,NATIONAL,US TOTAL,,,,,,,,0,,STRAWBERRIES,STRAWBERRIES - OPERATIONS WITH AREA HARVESTED,AREA GROWN,AREA GROWN: (15.0 TO 24.9 ACRES),233,
CENSUS,1997,YEAR,,NATIONAL,US TOTAL,,,,,,,,0,,STRAWBERRIES,STRAWBERRIES - OPERATIONS WITH AREA HARVESTED,AREA GROWN,AREA GROWN: (25.0 TO 49.9 ACRES),195,
CENSUS,1997,YEAR,,NATIONAL,US TOTAL,,,,,,,,0,,STRAWBERRIES,STRAWBERRIES - OPERATIONS WITH AREA HARVESTED,AREA GROWN,AREA GROWN: (5.0 TO 14.9 ACRES),"1,092",
CENSUS,1997,YEAR,,NATIONAL,US TOTAL,,,,,,,,0,,STRAWBERRIES,STRAWBERRIES - OPERATIONS WITH AREA HARVESTED,AREA GROWN,AREA GROWN: (50.0 TO 99.9 ACRES),126,
CENSUS,1997,YEAR,,NATIONAL,US TOTAL,,,,,,,,0,,STRAWBERRIES,STRAWBERRIES - OPERATIONS WITH AREA HARVESTED,TOTAL,NOT SPECIFIED,"8,038",
